{
  "fetched_at": "2026-06-12T03:26:49.415110+00:00",
  "account_id": 30647272,
  "cash_balance": 45717.490000003,
  "amount_sod": 45718.440000003,
  "day_pnl_realized": -0.95,
  "week_pnl_realized": -482.85
}