{
  "fetched_at": "2026-06-11T06:24:18.853551+00:00",
  "account_id": 30647272,
  "cash_balance": 45822.190000003,
  "amount_sod": 45835.940000003,
  "day_pnl_realized": -13.75,
  "week_pnl_realized": -378.15
}