{
  "fetched_at": "2026-06-02T15:08:13.851736+00:00",
  "account_id": 30647272,
  "cash_balance": 45856.790000003,
  "amount_sod": 45743.140000003,
  "day_pnl_realized": 113.65,
  "week_pnl_realized": 279.25
}