{
  "fetched_at": "2026-06-03T22:35:25.748003+00:00",
  "account_id": 30647272,
  "cash_balance": 45677.840000003,
  "amount_sod": 45677.840000003,
  "day_pnl_realized": 0.0,
  "week_pnl_realized": 100.3
}