{
  "fetched_at": "2026-06-03T20:25:29.664376+00:00",
  "account_id": 30647272,
  "cash_balance": 45677.840000003,
  "amount_sod": 45716.940000003,
  "day_pnl_realized": -39.1,
  "week_pnl_realized": 100.3
}