{
  "fetched_at": "2026-06-25T23:59:08.748996+00:00",
  "account_id": 30647272,
  "cash_balance": 46227.890000003,
  "amount_sod": 45929.690000003,
  "day_pnl_realized": 298.2,
  "week_pnl_realized": 377.25
}