{
  "fetched_at": "2026-06-11T17:58:02.642249+00:00",
  "account_id": 30647272,
  "cash_balance": 45718.440000003,
  "amount_sod": 45835.940000003,
  "day_pnl_realized": -117.5,
  "week_pnl_realized": -481.9
}