{
  "fetched_at": "2026-06-26T15:13:51.558274+00:00",
  "account_id": 30647272,
  "cash_balance": 45892.940000003,
  "amount_sod": 45929.690000003,
  "day_pnl_realized": -36.75,
  "week_pnl_realized": 42.3
}