{
  "fetched_at": "2026-06-10T19:30:33.269649+00:00",
  "account_id": 30647272,
  "cash_balance": 45835.940000003,
  "amount_sod": 45809.440000003,
  "day_pnl_realized": 26.5,
  "week_pnl_realized": -364.4
}