{
  "fetched_at": "2026-06-01T13:15:32.563765+00:00",
  "account_id": 30647272,
  "cash_balance": 45626.140000003,
  "amount_sod": 45577.540000003,
  "day_pnl_realized": 48.6,
  "week_pnl_realized": 48.6
}