{
  "fetched_at": "2026-06-04T14:44:48.156134+00:00",
  "account_id": 30647272,
  "cash_balance": 45783.640000003,
  "amount_sod": 45677.840000003,
  "day_pnl_realized": 105.8,
  "week_pnl_realized": 206.1
}