{
  "fetched_at": "2026-06-02T02:03:30.163238+00:00",
  "account_id": 30647272,
  "cash_balance": 45743.140000003,
  "amount_sod": 45743.140000003,
  "day_pnl_realized": 0.0,
  "week_pnl_realized": 165.6
}