{
  "fetched_at": "2026-06-03T02:02:06.852890+00:00",
  "account_id": 30647272,
  "cash_balance": 45715.990000003,
  "amount_sod": 45716.940000003,
  "day_pnl_realized": -0.95,
  "week_pnl_realized": 138.45
}