{
  "fetched_at": "2026-06-11T22:19:49.538539+00:00",
  "account_id": 30647272,
  "cash_balance": 45718.440000003,
  "amount_sod": 45718.440000003,
  "day_pnl_realized": 0.0,
  "week_pnl_realized": -481.9
}