{
  "fetched_at": "2026-06-08T22:43:42.586476+00:00",
  "account_id": 30647272,
  "cash_balance": 46129.440000003,
  "amount_sod": 46129.440000003,
  "day_pnl_realized": 0.0,
  "week_pnl_realized": -70.9
}