{
  "fetched_at": "2026-06-12T11:51:04.835418+00:00",
  "account_id": 30647272,
  "cash_balance": 45807.290000003,
  "amount_sod": 45718.440000003,
  "day_pnl_realized": 88.85,
  "week_pnl_realized": -393.05
}