{
  "fetched_at": "2026-06-27T00:12:08.040416+00:00",
  "account_id": 30647272,
  "cash_balance": 45663.640000003,
  "amount_sod": 45663.640000003,
  "day_pnl_realized": 0.0,
  "week_pnl_realized": 0.0
}