{
  "fetched_at": "2026-06-04T17:35:24.420591+00:00",
  "account_id": 30647272,
  "cash_balance": 45623.240000003,
  "amount_sod": 45677.840000003,
  "day_pnl_realized": -54.6,
  "week_pnl_realized": 45.7
}