{
  "fetched_at": "2026-06-25T22:44:24.635103+00:00",
  "account_id": 30647272,
  "cash_balance": 46081.740000003,
  "amount_sod": 45929.690000003,
  "day_pnl_realized": 152.05,
  "week_pnl_realized": 231.1
}