{
  "fetched_at": "2026-06-08T07:16:48.644551+00:00",
  "account_id": 30647272,
  "cash_balance": 46292.140000003,
  "amount_sod": 46200.340000003,
  "day_pnl_realized": 91.8,
  "week_pnl_realized": 91.8
}