{
  "fetched_at": "2026-06-09T21:00:40.074270+00:00",
  "account_id": 30647272,
  "cash_balance": 45809.440000003,
  "amount_sod": 46129.440000003,
  "day_pnl_realized": -320.0,
  "week_pnl_realized": -390.9
}