{
  "fetched_at": "2026-06-29T02:37:58.767929+00:00",
  "account_id": 30647272,
  "cash_balance": 45650.640000003,
  "amount_sod": 45663.640000003,
  "day_pnl_realized": -13.0,
  "week_pnl_realized": -13.0
}