{
  "fetched_at": "2026-06-04T22:47:54.616123+00:00",
  "account_id": 30647272,
  "cash_balance": 45466.340000003,
  "amount_sod": 45466.340000003,
  "day_pnl_realized": 0.0,
  "week_pnl_realized": -111.2
}