{
  "fetched_at": "2026-06-25T21:10:37.774249+00:00",
  "account_id": 30647272,
  "cash_balance": 45929.690000003,
  "amount_sod": 45850.640000003,
  "day_pnl_realized": 79.05,
  "week_pnl_realized": 79.05
}