{
  "fetched_at": "2026-06-05T10:38:08.013184+00:00",
  "account_id": 30647272,
  "cash_balance": 45616.940000003,
  "amount_sod": 45466.340000003,
  "day_pnl_realized": 150.6,
  "week_pnl_realized": 39.4
}