{
  "fetched_at": "2026-06-11T01:39:48.211664+00:00",
  "account_id": 30647272,
  "cash_balance": 45674.040000003,
  "amount_sod": 45835.940000003,
  "day_pnl_realized": -161.9,
  "week_pnl_realized": -526.3
}