{
  "fetched_at": "2026-06-09T14:09:12.050960+00:00",
  "account_id": 30647272,
  "cash_balance": 45612.390000003,
  "amount_sod": 46129.440000003,
  "day_pnl_realized": -517.05,
  "week_pnl_realized": -587.95
}