{
  "fetched_at": "2026-05-27T13:52:30.602210+00:00",
  "account_id": 30647272,
  "cash_balance": 46763.540000003,
  "amount_sod": 46622.940000003,
  "day_pnl_realized": 140.6,
  "week_pnl_realized": 328.6
}