{
  "fetched_at": "2026-06-11T11:04:31.500345+00:00",
  "account_id": 30647272,
  "cash_balance": 45676.240000003,
  "amount_sod": 45835.940000003,
  "day_pnl_realized": -159.7,
  "week_pnl_realized": -524.1
}