{
  "fetched_at": "2026-06-05T13:40:12.329318+00:00",
  "account_id": 30647272,
  "cash_balance": 45764.540000003,
  "amount_sod": 45466.340000003,
  "day_pnl_realized": 298.2,
  "week_pnl_realized": 187.0
}