{
  "fetched_at": "2026-05-28T01:28:10.421412+00:00",
  "account_id": 30647272,
  "cash_balance": 46031.690000003,
  "amount_sod": 46032.640000003,
  "day_pnl_realized": -0.95,
  "week_pnl_realized": -403.25
}