{
  "fetched_at": "2026-06-05T20:16:26.844639+00:00",
  "account_id": 30647272,
  "cash_balance": 46200.340000003,
  "amount_sod": 45466.340000003,
  "day_pnl_realized": 734.0,
  "week_pnl_realized": 622.8
}