{
  "fetched_at": "2026-06-29T17:46:09.363168+00:00",
  "account_id": 30647272,
  "cash_balance": 46110.140000004,
  "amount_sod": 45663.640000003,
  "day_pnl_realized": 446.5,
  "week_pnl_realized": 446.5
}