{
  "fetched_at": "2026-06-04T19:39:21.694468+00:00",
  "account_id": 30647272,
  "cash_balance": 45622.290000003,
  "amount_sod": 45677.840000003,
  "day_pnl_realized": -55.55,
  "week_pnl_realized": 44.75
}