{
  "fetched_at": "2026-06-25T19:26:30.398020+00:00",
  "account_id": 30647272,
  "cash_balance": 46026.040000003,
  "amount_sod": 45850.640000003,
  "day_pnl_realized": 175.4,
  "week_pnl_realized": 175.4
}