{
  "fetched_at": "2026-06-09T08:52:46.203780+00:00",
  "account_id": 30647272,
  "cash_balance": 45925.140000003,
  "amount_sod": 46129.440000003,
  "day_pnl_realized": -204.3,
  "week_pnl_realized": -275.2
}