{
  "fetched_at": "2026-06-12T08:07:38.418508+00:00",
  "account_id": 30647272,
  "cash_balance": 45677.140000003,
  "amount_sod": 45718.440000003,
  "day_pnl_realized": -41.3,
  "week_pnl_realized": -523.2
}