{
  "fetched_at": "2026-06-01T19:00:24.487710+00:00",
  "account_id": 30647272,
  "cash_balance": 45743.140000003,
  "amount_sod": 45577.540000003,
  "day_pnl_realized": 165.6,
  "week_pnl_realized": 165.6
}