{
  "fetched_at": "2026-05-28T16:45:17.482186+00:00",
  "account_id": 30647272,
  "cash_balance": 46095.140000003,
  "amount_sod": 46032.640000003,
  "day_pnl_realized": 62.5,
  "week_pnl_realized": -339.8
}