{
  "fetched_at": "2026-05-29T04:15:39.880365+00:00",
  "account_id": 30647272,
  "cash_balance": 46095.140000003,
  "amount_sod": 46095.140000003,
  "day_pnl_realized": 0.0,
  "week_pnl_realized": -339.8
}