{
  "fetched_at": "2026-06-04T11:56:06.117781+00:00",
  "account_id": 30647272,
  "cash_balance": 45674.540000003,
  "amount_sod": 45677.840000003,
  "day_pnl_realized": -3.3,
  "week_pnl_realized": 97.0
}