{
  "fetched_at": "2026-06-12T21:10:27.396102+00:00",
  "account_id": 30647272,
  "cash_balance": 45554.440000003,
  "amount_sod": 45718.440000003,
  "day_pnl_realized": -164.0,
  "week_pnl_realized": -645.9
}