{
  "fetched_at": "2026-05-30T00:14:54.407846+00:00",
  "account_id": 30647272,
  "cash_balance": 45577.540000003,
  "amount_sod": 45577.540000003,
  "day_pnl_realized": 0.0,
  "week_pnl_realized": 0.0
}