{
  "fetched_at": "2026-06-09T11:49:40.606363+00:00",
  "account_id": 30647272,
  "cash_balance": 45769.740000003,
  "amount_sod": 46129.440000003,
  "day_pnl_realized": -359.7,
  "week_pnl_realized": -430.6
}