{
  "fetched_at": "2026-06-05T18:17:52.633855+00:00",
  "account_id": 30647272,
  "cash_balance": 46054.240000003,
  "amount_sod": 45466.340000003,
  "day_pnl_realized": 587.9,
  "week_pnl_realized": 476.7
}