{
  "fetched_at": "2026-05-26T16:53:41.624946+00:00",
  "account_id": 30647272,
  "cash_balance": 46479.390000003,
  "amount_sod": 46216.140000003,
  "day_pnl_realized": 263.25,
  "week_pnl_realized": 44.45
}