{
  "fetched_at": "2026-06-05T06:51:27.718443+00:00",
  "account_id": 30647272,
  "cash_balance": 45465.390000003,
  "amount_sod": 45466.340000003,
  "day_pnl_realized": -0.95,
  "week_pnl_realized": -112.15
}