{
  "fetched_at": "2026-06-02T23:19:02.857141+00:00",
  "account_id": 30647272,
  "cash_balance": 45716.940000003,
  "amount_sod": 45716.940000003,
  "day_pnl_realized": 0.0,
  "week_pnl_realized": 139.4
}