{
  "fetched_at": "2026-06-08T12:10:20.714602+00:00",
  "account_id": 30647272,
  "cash_balance": 46124.240000003,
  "amount_sod": 46200.340000003,
  "day_pnl_realized": -76.1,
  "week_pnl_realized": -76.1
}