{
  "fetched_at": "2026-06-09T23:50:43.198953+00:00",
  "account_id": 30647272,
  "cash_balance": 45809.440000003,
  "amount_sod": 45809.440000003,
  "day_pnl_realized": 0.0,
  "week_pnl_realized": -390.9
}