{
  "fetched_at": "2026-06-05T16:17:18.485661+00:00",
  "account_id": 30647272,
  "cash_balance": 45924.140000003,
  "amount_sod": 45466.340000003,
  "day_pnl_realized": 457.8,
  "week_pnl_realized": 346.6
}