{
  "fetched_at": "2026-05-26T21:21:48.873690+00:00",
  "account_id": 30647272,
  "cash_balance": 46622.940000003,
  "amount_sod": 46216.140000003,
  "day_pnl_realized": 406.8,
  "week_pnl_realized": 188.0
}