{
  "fetched_at": "2026-06-01T02:47:14.773715+00:00",
  "account_id": 30647272,
  "cash_balance": 45576.590000003,
  "amount_sod": 45577.540000003,
  "day_pnl_realized": -0.95,
  "week_pnl_realized": -0.95
}