{
  "fetched_at": "2026-05-28T12:52:45.169410+00:00",
  "account_id": 30647272,
  "cash_balance": 46213.990000003,
  "amount_sod": 46032.640000003,
  "day_pnl_realized": 181.35,
  "week_pnl_realized": -220.95
}