{
  "fetched_at": "2026-06-26T19:00:39.743869+00:00",
  "account_id": 30647272,
  "cash_balance": 45894.740000003,
  "amount_sod": 45929.690000003,
  "day_pnl_realized": -34.95,
  "week_pnl_realized": 44.1
}