{
  "fetched_at": "2026-06-26T07:42:26.424155+00:00",
  "account_id": 30647272,
  "cash_balance": 46099.590000003,
  "amount_sod": 45929.690000003,
  "day_pnl_realized": 169.9,
  "week_pnl_realized": 248.95
}