{
  "fetched_at": "2026-05-29T19:59:22.010432+00:00",
  "account_id": 30647272,
  "cash_balance": 45610.990000003,
  "amount_sod": 46095.140000003,
  "day_pnl_realized": -484.15,
  "week_pnl_realized": -823.95
}