{
  "fetched_at": "2026-06-15T02:50:19.491441+00:00",
  "account_id": 30647272,
  "cash_balance": 45554.440000003,
  "amount_sod": 45554.440000003,
  "day_pnl_realized": 0.0,
  "week_pnl_realized": 0.0
}