{
  "fetched_at": "2026-06-10T06:15:12.582775+00:00",
  "account_id": 30647272,
  "cash_balance": 45727.340000003,
  "amount_sod": 45809.440000003,
  "day_pnl_realized": -82.1,
  "week_pnl_realized": -473.0
}