{
  "fetched_at": "2026-06-03T12:01:48.113462+00:00",
  "account_id": 30647272,
  "cash_balance": 45837.040000003,
  "amount_sod": 45716.940000003,
  "day_pnl_realized": 120.1,
  "week_pnl_realized": 259.5
}