{
  "fetched_at": "2026-06-10T01:55:07.325746+00:00",
  "account_id": 30647272,
  "cash_balance": 45939.590000003,
  "amount_sod": 45809.440000003,
  "day_pnl_realized": 130.15,
  "week_pnl_realized": -260.75
}