{
  "fetched_at": "2026-05-27T19:15:05.417892+00:00",
  "account_id": 30647272,
  "cash_balance": 46032.640000003,
  "amount_sod": 46622.940000003,
  "day_pnl_realized": -590.3,
  "week_pnl_realized": -402.3
}