{
  "fetched_at": "2026-06-02T18:52:24.188614+00:00",
  "account_id": 30647272,
  "cash_balance": 45593.340000003,
  "amount_sod": 45743.140000003,
  "day_pnl_realized": -149.8,
  "week_pnl_realized": 15.8
}