{
  "fetched_at": "2026-05-26T23:49:21.005429+00:00",
  "account_id": 30647272,
  "cash_balance": 46622.940000003,
  "amount_sod": 46622.940000003,
  "day_pnl_realized": 0.0,
  "week_pnl_realized": 188.0
}