{
  "fetched_at": "2026-06-10T21:36:36.305884+00:00",
  "account_id": 30647272,
  "cash_balance": 45835.940000003,
  "amount_sod": 45835.940000003,
  "day_pnl_realized": 0.0,
  "week_pnl_realized": -364.4
}