{
  "fetched_at": "2026-06-15T14:47:55.204216+00:00",
  "account_id": 30647272,
  "cash_balance": 45696.040000003,
  "amount_sod": 45554.440000003,
  "day_pnl_realized": 141.6,
  "week_pnl_realized": 141.6
}