{
  "fetched_at": "2026-06-26T22:59:47.026411+00:00",
  "account_id": 30647272,
  "cash_balance": 45663.640000003,
  "amount_sod": 45663.640000003,
  "day_pnl_realized": 0.0,
  "week_pnl_realized": 0.0
}