{
  "fetched_at": "2026-06-26T20:49:01.452144+00:00",
  "account_id": 30647272,
  "cash_balance": 45663.640000003,
  "amount_sod": 45929.690000003,
  "day_pnl_realized": -266.05,
  "week_pnl_realized": -187.0
}