{
  "fetched_at": "2026-06-29T14:59:44.948388+00:00",
  "account_id": 30647272,
  "cash_balance": 45535.040000004,
  "amount_sod": 45663.640000003,
  "day_pnl_realized": -128.6,
  "week_pnl_realized": -128.6
}