{
  "fetched_at": "2026-06-23T23:53:41.511981+00:00",
  "account_id": 30647272,
  "cash_balance": 45850.640000003,
  "amount_sod": 45850.640000003,
  "day_pnl_realized": 0.0,
  "week_pnl_realized": 0.0
}