{
  "fetched_at": "2026-06-08T02:44:52.224031+00:00",
  "account_id": 30647272,
  "cash_balance": 46154.040000003,
  "amount_sod": 46200.340000003,
  "day_pnl_realized": -46.3,
  "week_pnl_realized": -46.3
}