{
  "fetched_at": "2026-06-04T21:17:20.570316+00:00",
  "account_id": 30647272,
  "cash_balance": 45466.340000003,
  "amount_sod": 45677.840000003,
  "day_pnl_realized": -211.5,
  "week_pnl_realized": -111.2
}