{
  "fetched_at": "2026-06-09T01:44:23.924125+00:00",
  "account_id": 30647272,
  "cash_balance": 46027.040000003,
  "amount_sod": 46129.440000003,
  "day_pnl_realized": -102.4,
  "week_pnl_realized": -173.3
}