{
  "fetched_at": "2026-06-25T16:54:59.964921+00:00",
  "account_id": 30647272,
  "cash_balance": 45941.340000003,
  "amount_sod": 45850.640000003,
  "day_pnl_realized": 90.7,
  "week_pnl_realized": 90.7
}