{
  "fetched_at": "2026-06-26T03:55:11.589946+00:00",
  "account_id": 30647272,
  "cash_balance": 46232.840000003,
  "amount_sod": 45929.690000003,
  "day_pnl_realized": 303.15,
  "week_pnl_realized": 382.2
}