{
  "fetched_at": "2026-06-04T00:15:40.075585+00:00",
  "account_id": 30647272,
  "cash_balance": 45676.890000003,
  "amount_sod": 45677.840000003,
  "day_pnl_realized": -0.95,
  "week_pnl_realized": 99.35
}