{
  "fetched_at": "2026-06-24T14:51:20.341214+00:00",
  "account_id": 30647272,
  "cash_balance": 45850.640000003,
  "amount_sod": 45850.640000003,
  "day_pnl_realized": 0.0,
  "week_pnl_realized": 0.0
}