{
  "fetched_at": "2026-06-03T17:07:40.387781+00:00",
  "account_id": 30647272,
  "cash_balance": 45831.290000003,
  "amount_sod": 45716.940000003,
  "day_pnl_realized": 114.35,
  "week_pnl_realized": 253.75
}