{
  "fetched_at": "2026-06-29T11:25:46.290392+00:00",
  "account_id": 30647272,
  "cash_balance": 45566.040000004,
  "amount_sod": 45663.640000003,
  "day_pnl_realized": -97.6,
  "week_pnl_realized": -97.6
}