{
  "fetched_at": "2026-06-26T10:38:20.732332+00:00",
  "account_id": 30647272,
  "cash_balance": 45745.340000003,
  "amount_sod": 45929.690000003,
  "day_pnl_realized": -184.35,
  "week_pnl_realized": -105.3
}