{
  "fetched_at": "2026-05-28T09:37:25.947628+00:00",
  "account_id": 30647272,
  "cash_balance": 46214.940000003,
  "amount_sod": 46032.640000003,
  "day_pnl_realized": 182.3,
  "week_pnl_realized": -220.0
}