{
  "fetched_at": "2026-06-04T05:09:56.460328+00:00",
  "account_id": 30647272,
  "cash_balance": 45836.940000003,
  "amount_sod": 45677.840000003,
  "day_pnl_realized": 159.1,
  "week_pnl_realized": 259.4
}