{
  "fetched_at": "2026-05-27T23:52:36.826582+00:00",
  "account_id": 30647272,
  "cash_balance": 46032.640000003,
  "amount_sod": 46032.640000003,
  "day_pnl_realized": 0.0,
  "week_pnl_realized": -402.3
}