{
  "fetched_at": "2026-06-08T16:17:28.368687+00:00",
  "account_id": 30647272,
  "cash_balance": 46129.440000003,
  "amount_sod": 46200.340000003,
  "day_pnl_realized": -70.9,
  "week_pnl_realized": -70.9
}