{
  "fetched_at": "2026-06-15T18:56:25.549578+00:00",
  "account_id": 30647272,
  "cash_balance": 45850.640000003,
  "amount_sod": 45554.440000003,
  "day_pnl_realized": 296.2,
  "week_pnl_realized": 296.2
}