{
  "fetched_at": "2026-06-06T01:48:35.842927+00:00",
  "account_id": 30647272,
  "cash_balance": 46200.340000003,
  "amount_sod": 46200.340000003,
  "day_pnl_realized": 0.0,
  "week_pnl_realized": 0.0
}